Timestamp,Noise_dB,Mood_Score,Mood_Label
19:43:14,67,72,EXCITED
19:43:15,69,74,EXCITED
19:43:16,35,30,CALM
19:43:17,46,50,ENJOYING
19:43:18,35,36,CALM
19:43:19,57,57,ENJOYING
19:43:20,68,65,EXCITED
19:43:21,66,71,EXCITED
19:43:22,88,87,CHAOTIC
19:43:23,69,65,EXCITED
19:43:24,37,35,CALM
19:43:25,87,91,CHAOTIC
19:43:26,42,42,ENJOYING
19:43:27,94,99,CHAOTIC
19:43:28,42,47,ENJOYING
19:43:29,76,76,EXCITED
19:43:30,51,47,ENJOYING
19:43:31,64,62,EXCITED
19:43:32,42,38,CALM
19:43:33,63,68,EXCITED
19:43:34,58,56,ENJOYING
19:43:35,73,78,EXCITED
19:43:36,37,37,CALM
19:43:37,49,45,ENJOYING
19:43:38,71,66,EXCITED
19:43:39,92,94,CHAOTIC
19:43:40,84,87,CHAOTIC
19:43:41,79,77,EXCITED
19:43:42,64,68,EXCITED
19:43:43,71,69,EXCITED
19:43:44,38,43,ENJOYING
19:43:45,40,36,CALM
19:43:46,51,51,ENJOYING
19:43:47,48,47,ENJOYING
19:43:48,37,42,ENJOYING
19:43:49,86,87,CHAOTIC
19:43:50,88,93,CHAOTIC
19:43:51,81,80,EXCITED
19:43:52,54,55,ENJOYING
19:43:53,35,32,CALM
19:43:54,38,43,ENJOYING
19:43:55,49,47,ENJOYING
19:43:56,53,52,ENJOYING
19:43:57,90,91,CHAOTIC
19:43:58,65,70,EXCITED
19:43:59,70,66,EXCITED
19:44:00,85,89,CHAOTIC
19:44:01,50,55,ENJOYING
19:44:02,65,69,EXCITED
19:44:03,65,66,EXCITED
19:44:04,78,74,EXCITED
19:44:05,71,76,EXCITED
19:44:06,42,38,CALM
19:44:07,65,64,EXCITED
19:44:08,66,67,EXCITED
19:44:09,57,53,ENJOYING
19:44:10,84,86,CHAOTIC
19:44:11,64,65,EXCITED
19:44:12,87,88,CHAOTIC
19:44:13,45,45,ENJOYING
19:44:14,64,63,EXCITED
19:44:15,66,66,EXCITED
19:44:16,44,49,ENJOYING
19:44:17,77,74,EXCITED
19:44:18,52,53,ENJOYING
19:44:19,50,53,ENJOYING
19:44:20,85,90,CHAOTIC
19:44:21,71,66,EXCITED
19:44:22,54,52,ENJOYING
19:44:23,82,79,EXCITED
19:44:24,49,49,ENJOYING
19:44:25,95,97,CHAOTIC
19:44:26,85,81,EXCITED
19:44:27,95,98,CHAOTIC
19:44:28,59,60,EXCITED
19:44:29,31,33,CALM
19:44:30,61,56,ENJOYING
19:44:31,45,48,ENJOYING
19:44:32,76,79,EXCITED
19:44:33,84,82,EXCITED
19:44:34,54,57,ENJOYING
19:44:35,71,66,EXCITED
19:44:36,65,61,EXCITED
19:44:37,56,51,ENJOYING
19:44:38,84,86,CHAOTIC
19:44:39,85,88,CHAOTIC
19:44:40,59,57,ENJOYING
19:44:41,32,34,CALM
19:44:42,93,96,CHAOTIC
19:44:43,95,91,CHAOTIC
19:44:44,54,51,ENJOYING
19:44:45,31,27,CALM
19:44:46,93,95,CHAOTIC
19:44:47,37,34,CALM
19:44:48,43,41,ENJOYING
19:44:49,38,42,ENJOYING
19:44:50,73,70,EXCITED
19:44:51,43,39,CALM
19:44:52,86,91,CHAOTIC
19:44:53,90,85,CHAOTIC
19:44:54,84,81,EXCITED
19:44:55,56,58,ENJOYING
19:44:56,59,60,EXCITED
19:44:57,65,67,EXCITED
19:44:58,45,49,ENJOYING
19:44:59,93,93,CHAOTIC
19:45:00,36,38,CALM
19:45:01,90,90,CHAOTIC
19:45:02,32,37,CALM
19:45:03,59,56,ENJOYING
19:45:04,70,72,EXCITED
19:45:05,63,60,EXCITED
19:45:06,76,72,EXCITED
19:45:07,75,78,EXCITED
19:45:08,38,38,CALM
19:45:09,89,93,CHAOTIC
19:45:10,82,79,EXCITED
19:45:11,77,72,EXCITED
19:45:12,48,52,ENJOYING
19:45:13,77,80,EXCITED
19:45:14,59,56,ENJOYING
19:45:15,82,83,EXCITED
19:45:16,68,72,EXCITED
19:45:17,41,43,ENJOYING
19:45:18,62,58,ENJOYING
19:45:19,72,69,EXCITED
19:45:20,88,84,EXCITED
19:45:21,70,68,EXCITED
19:45:22,58,53,ENJOYING
19:45:23,48,50,ENJOYING
19:45:24,32,35,CALM
19:45:25,31,27,CALM
19:45:26,76,72,EXCITED
19:45:27,69,69,EXCITED
19:45:28,69,70,EXCITED
19:45:29,86,86,CHAOTIC
19:45:30,85,90,CHAOTIC
19:45:31,80,75,EXCITED
19:45:32,93,98,CHAOTIC
19:45:33,47,48,ENJOYING
19:45:34,50,51,ENJOYING
19:45:35,49,49,ENJOYING
19:45:36,42,37,CALM
19:45:37,52,48,ENJOYING
19:45:38,71,74,EXCITED
19:45:39,57,61,EXCITED
19:45:40,50,51,ENJOYING
19:45:41,37,41,ENJOYING
19:45:42,49,50,ENJOYING
19:45:43,61,60,EXCITED
19:45:44,53,54,ENJOYING
19:45:45,93,89,CHAOTIC
19:45:46,78,73,EXCITED
19:45:47,88,87,CHAOTIC
19:45:48,50,49,ENJOYING
19:45:49,95,90,CHAOTIC
19:45:50,87,90,CHAOTIC
19:45:51,44,46,ENJOYING
19:45:52,55,57,ENJOYING
19:45:53,64,69,EXCITED
19:45:54,43,44,ENJOYING
19:45:55,84,89,CHAOTIC
19:45:56,41,44,ENJOYING
19:45:57,83,82,EXCITED
19:45:58,52,49,ENJOYING
19:45:59,88,88,CHAOTIC
19:46:00,82,85,CHAOTIC
19:46:01,44,41,ENJOYING
19:46:02,42,39,CALM
19:46:03,77,78,EXCITED
19:46:04,55,56,ENJOYING
19:46:05,83,79,EXCITED
19:46:06,31,32,CALM
19:46:07,93,88,CHAOTIC
19:46:08,52,56,ENJOYING
19:46:09,69,72,EXCITED
19:46:10,60,57,ENJOYING
19:46:11,61,66,EXCITED
19:46:12,48,45,ENJOYING
19:46:13,48,49,ENJOYING
19:46:14,95,98,CHAOTIC
19:46:15,45,42,ENJOYING
19:46:16,53,53,ENJOYING
19:46:17,45,40,ENJOYING
19:46:18,72,75,EXCITED
19:46:19,90,93,CHAOTIC
19:46:20,76,74,EXCITED
19:46:21,55,51,ENJOYING
19:46:22,87,82,EXCITED
19:46:23,57,54,ENJOYING
19:46:24,76,80,EXCITED
19:46:25,71,66,EXCITED
19:46:26,72,69,EXCITED
19:46:27,38,42,ENJOYING
19:46:28,31,29,CALM
19:46:29,62,60,EXCITED
19:46:30,55,55,ENJOYING
19:46:31,47,49,ENJOYING
19:46:32,75,78,EXCITED
19:46:33,76,71,EXCITED
19:46:34,57,60,EXCITED
19:46:35,78,83,EXCITED
19:46:36,89,94,CHAOTIC
19:46:37,37,38,CALM
19:46:38,90,89,CHAOTIC
19:46:39,54,54,ENJOYING
19:46:40,32,30,CALM
19:46:41,52,51,ENJOYING
19:46:42,57,57,ENJOYING
19:46:43,48,45,ENJOYING
19:46:44,78,81,EXCITED
19:46:45,83,80,EXCITED
19:46:46,77,81,EXCITED
19:46:47,46,49,ENJOYING
19:46:48,55,51,ENJOYING
19:46:49,70,75,EXCITED
19:46:50,69,66,EXCITED
19:46:51,72,75,EXCITED
19:46:52,90,88,CHAOTIC
19:46:53,95,92,CHAOTIC
19:46:54,37,40,ENJOYING
19:46:55,55,54,ENJOYING
19:46:56,59,57,ENJOYING
19:46:57,41,44,ENJOYING
19:46:58,70,70,EXCITED
19:46:59,77,76,EXCITED
19:47:00,42,39,CALM
19:47:01,46,49,ENJOYING
19:47:02,31,31,CALM
19:47:03,90,94,CHAOTIC
19:47:04,91,93,CHAOTIC
19:47:05,87,86,CHAOTIC
19:47:06,71,67,EXCITED
19:47:07,79,82,EXCITED
19:47:08,43,47,ENJOYING
19:47:09,81,85,CHAOTIC
19:47:10,48,46,ENJOYING
19:47:11,69,66,EXCITED
19:47:12,44,44,ENJOYING
19:47:13,69,68,EXCITED
19:47:14,63,68,EXCITED
19:47:15,64,66,EXCITED
19:47:16,65,60,EXCITED
19:47:17,32,37,CALM
19:47:18,50,55,ENJOYING
19:47:19,73,77,EXCITED
19:47:20,70,65,EXCITED
19:47:21,89,90,CHAOTIC
19:47:22,69,67,EXCITED
19:47:23,57,62,EXCITED
19:47:24,79,84,EXCITED
19:47:25,66,65,EXCITED
19:47:26,84,83,EXCITED
19:47:27,67,68,EXCITED
19:47:28,75,75,EXCITED
19:47:29,57,61,EXCITED
19:47:30,79,75,EXCITED
19:47:31,90,92,CHAOTIC
19:47:32,34,34,CALM
19:47:33,67,66,EXCITED
19:47:34,39,42,ENJOYING
19:47:35,31,28,CALM
19:47:36,32,36,CALM
19:47:37,31,36,CALM
19:47:38,56,54,ENJOYING
19:47:39,35,30,CALM
19:47:40,45,47,ENJOYING
19:47:41,37,41,ENJOYING
19:47:42,88,86,CHAOTIC
19:47:43,70,74,EXCITED
19:47:44,56,53,ENJOYING
19:47:45,58,54,ENJOYING
19:47:46,93,97,CHAOTIC
19:47:47,40,38,CALM
19:47:48,39,35,CALM
19:47:49,38,41,ENJOYING
19:47:50,91,88,CHAOTIC
19:47:51,38,39,CALM
19:47:52,37,36,CALM
19:47:53,91,86,CHAOTIC
19:47:54,77,77,EXCITED
19:47:55,81,84,EXCITED
19:47:56,51,47,ENJOYING
19:47:57,84,87,CHAOTIC
19:47:58,33,36,CALM
19:47:59,46,42,ENJOYING
19:48:00,39,35,CALM
19:48:01,40,42,ENJOYING
19:48:02,76,72,EXCITED
19:48:03,66,61,EXCITED
19:48:04,50,52,ENJOYING
19:48:05,53,53,ENJOYING
19:48:06,45,48,ENJOYING
19:48:07,38,35,CALM
19:48:08,50,55,ENJOYING
19:48:09,79,78,EXCITED
19:48:10,75,72,EXCITED
19:48:11,42,37,CALM
19:48:12,70,66,EXCITED
19:48:13,37,32,CALM
19:48:14,34,32,CALM
19:48:15,61,57,ENJOYING
19:48:16,52,53,ENJOYING
19:48:17,74,74,EXCITED
19:48:18,72,76,EXCITED
19:48:19,95,97,CHAOTIC
19:48:20,60,59,ENJOYING
19:48:21,90,85,CHAOTIC
19:48:22,90,90,CHAOTIC
19:48:23,45,41,ENJOYING
19:48:24,92,92,CHAOTIC
19:48:25,77,76,EXCITED
19:48:26,70,69,EXCITED
19:48:27,45,42,ENJOYING
19:48:28,75,78,EXCITED
19:48:29,68,65,EXCITED
19:48:30,77,73,EXCITED
19:48:31,56,55,ENJOYING
19:48:32,85,85,CHAOTIC
19:48:33,86,81,EXCITED
19:48:34,95,96,CHAOTIC
19:48:35,53,50,ENJOYING
19:48:36,34,31,CALM
19:48:37,95,98,CHAOTIC
19:48:38,52,51,ENJOYING
19:48:39,75,72,EXCITED
19:48:40,91,92,CHAOTIC
19:48:41,59,63,EXCITED
19:48:42,69,71,EXCITED
19:48:43,61,58,ENJOYING
19:48:44,88,93,CHAOTIC
19:48:45,86,87,CHAOTIC
19:48:46,81,77,EXCITED
19:48:47,52,51,ENJOYING
19:48:48,54,54,ENJOYING
19:48:49,37,38,CALM
19:48:50,47,48,ENJOYING
19:48:51,55,58,ENJOYING
19:48:52,79,82,EXCITED
19:48:53,89,90,CHAOTIC
19:48:54,69,67,EXCITED
19:48:55,33,35,CALM
19:48:56,40,38,CALM
19:48:57,59,58,ENJOYING
19:48:58,74,70,EXCITED
19:48:59,84,79,EXCITED
19:49:00,88,93,CHAOTIC
19:49:01,36,32,CALM
19:49:02,81,83,EXCITED
19:49:03,64,62,EXCITED
19:49:04,38,33,CALM
19:49:05,50,55,ENJOYING
19:49:06,37,34,CALM
19:49:07,69,70,EXCITED
19:49:08,38,40,ENJOYING
19:49:09,54,53,ENJOYING
19:49:10,81,81,EXCITED
19:49:11,51,52,ENJOYING
19:49:12,59,54,ENJOYING
19:49:13,54,58,ENJOYING
19:49:14,92,92,CHAOTIC
19:49:15,90,93,CHAOTIC
19:49:16,30,33,CALM
19:49:17,51,47,ENJOYING
19:49:18,36,34,CALM
19:49:19,31,31,CALM
19:49:20,39,43,ENJOYING
19:49:21,60,58,ENJOYING
19:49:22,93,88,CHAOTIC
19:49:23,49,47,ENJOYING
19:49:24,48,43,ENJOYING
19:49:25,92,89,CHAOTIC
19:49:26,70,65,EXCITED
19:49:27,81,81,EXCITED
19:49:28,41,36,CALM
19:49:29,60,65,EXCITED
19:49:30,64,67,EXCITED
19:49:31,80,83,EXCITED
19:49:32,71,71,EXCITED
19:49:33,47,45,ENJOYING
19:49:34,33,32,CALM
19:49:35,74,77,EXCITED
19:49:36,30,29,CALM
19:49:37,92,94,CHAOTIC
19:49:38,49,48,ENJOYING
19:49:39,37,38,CALM
19:49:40,57,53,ENJOYING
19:49:41,86,81,EXCITED
19:49:42,39,38,CALM
19:49:43,36,33,CALM
19:49:44,87,84,EXCITED
19:49:45,70,72,EXCITED
19:49:46,45,47,ENJOYING
19:49:47,61,66,EXCITED
19:49:48,54,59,ENJOYING
19:49:49,44,43,ENJOYING
19:49:50,45,50,ENJOYING
19:49:51,68,66,EXCITED
19:49:52,78,83,EXCITED
19:49:53,81,82,EXCITED
19:49:54,65,60,EXCITED
19:49:55,64,64,EXCITED
19:49:56,68,63,EXCITED
19:49:57,76,71,EXCITED
19:49:58,83,81,EXCITED
19:49:59,49,45,ENJOYING
19:50:00,30,33,CALM
19:50:01,30,32,CALM
19:50:02,66,62,EXCITED
19:50:03,63,64,EXCITED
19:50:04,52,57,ENJOYING
19:50:05,63,60,EXCITED
19:50:06,58,56,ENJOYING
19:50:07,78,80,EXCITED
19:50:08,85,81,EXCITED
19:50:09,85,85,CHAOTIC
19:50:10,50,49,ENJOYING
19:50:11,70,75,EXCITED
19:50:12,51,51,ENJOYING
19:50:13,41,45,ENJOYING
19:50:14,72,76,EXCITED
19:50:15,52,56,ENJOYING
19:50:16,58,55,ENJOYING
19:50:17,72,75,EXCITED
19:50:18,52,52,ENJOYING
19:50:19,92,88,CHAOTIC
19:50:20,93,89,CHAOTIC
19:50:21,48,51,ENJOYING
19:50:22,36,37,CALM
19:50:23,58,55,ENJOYING
19:50:24,81,77,EXCITED
19:50:25,95,93,CHAOTIC
19:50:26,77,82,EXCITED
19:50:27,90,93,CHAOTIC
19:50:28,41,43,ENJOYING
19:50:29,55,52,ENJOYING
19:50:30,34,39,CALM
19:50:31,73,72,EXCITED
19:50:32,55,51,ENJOYING
19:50:33,55,53,ENJOYING
19:50:34,75,77,EXCITED
19:50:35,70,74,EXCITED
19:50:36,83,81,EXCITED
19:50:37,43,42,ENJOYING
19:50:38,61,63,EXCITED
19:50:39,66,69,EXCITED
19:50:40,42,38,CALM
19:50:41,59,54,ENJOYING
19:50:42,36,35,CALM
19:50:43,68,72,EXCITED
19:50:44,67,70,EXCITED
19:50:45,80,80,EXCITED
19:50:46,49,48,ENJOYING
19:50:47,31,28,CALM
19:50:48,39,44,ENJOYING
19:50:49,33,35,CALM
19:50:50,86,88,CHAOTIC
19:50:51,57,61,EXCITED
19:50:52,54,51,ENJOYING
19:50:53,68,65,EXCITED
19:50:54,35,35,CALM
19:50:55,89,87,CHAOTIC
19:50:56,85,86,CHAOTIC
19:50:57,46,43,ENJOYING
19:50:58,71,74,EXCITED
19:50:59,85,80,EXCITED
19:51:00,69,72,EXCITED
19:51:01,59,64,EXCITED
19:51:02,71,66,EXCITED
19:51:03,70,65,EXCITED
19:51:04,45,41,ENJOYING
19:51:05,95,96,CHAOTIC
19:51:06,55,57,ENJOYING
19:51:07,32,31,CALM
19:51:08,54,53,ENJOYING
19:51:09,83,79,EXCITED
19:51:10,74,79,EXCITED
19:51:11,42,39,CALM
19:51:12,47,48,ENJOYING
19:51:13,91,96,CHAOTIC
19:51:14,60,58,ENJOYING
19:51:15,38,37,CALM
19:51:16,47,50,ENJOYING
19:51:17,61,65,EXCITED
19:51:18,55,59,ENJOYING
19:51:19,67,62,EXCITED
19:51:20,57,54,ENJOYING
19:51:21,81,85,CHAOTIC
19:51:22,34,34,CALM
19:51:23,80,80,EXCITED
19:51:24,40,45,ENJOYING
19:51:25,87,84,EXCITED
19:51:26,74,71,EXCITED
19:51:27,74,72,EXCITED
19:51:28,60,57,ENJOYING
19:51:29,75,75,EXCITED
19:51:30,82,79,EXCITED
19:51:31,41,37,CALM
19:51:32,37,42,ENJOYING
19:51:33,78,74,EXCITED
19:51:34,42,47,ENJOYING
19:51:35,65,60,EXCITED
19:51:36,60,57,ENJOYING
19:51:37,64,63,EXCITED
19:51:38,48,50,ENJOYING
19:51:39,44,45,ENJOYING
19:51:40,67,71,EXCITED
19:51:41,42,38,CALM
19:51:42,88,89,CHAOTIC
19:51:43,63,59,ENJOYING
19:51:44,34,37,CALM
19:51:45,35,35,CALM
19:51:46,48,51,ENJOYING
19:51:47,77,73,EXCITED
19:51:48,93,96,CHAOTIC
19:51:49,90,86,CHAOTIC
19:51:50,44,46,ENJOYING
19:51:51,49,53,ENJOYING
19:51:52,56,56,ENJOYING
19:51:53,60,56,ENJOYING
19:51:54,74,74,EXCITED
19:51:55,67,66,EXCITED
19:51:56,38,37,CALM
19:51:57,31,36,CALM
19:51:58,39,39,CALM
19:51:59,87,85,CHAOTIC
19:52:00,51,53,ENJOYING
19:52:01,48,53,ENJOYING
19:52:02,51,54,ENJOYING
19:52:03,46,46,ENJOYING
19:52:04,45,42,ENJOYING
19:52:05,87,87,CHAOTIC
19:52:06,62,61,EXCITED
19:52:07,87,92,CHAOTIC
19:52:08,67,72,EXCITED
19:52:09,33,30,CALM
19:52:10,40,38,CALM
19:52:11,54,56,ENJOYING
19:52:12,83,81,EXCITED
19:52:13,70,70,EXCITED
19:52:14,55,56,ENJOYING
19:52:15,68,72,EXCITED
19:52:16,56,61,EXCITED
19:52:17,80,81,EXCITED
19:52:18,76,73,EXCITED
19:52:19,83,84,EXCITED
19:52:20,92,93,CHAOTIC
19:52:21,34,36,CALM
19:52:22,30,29,CALM
19:52:23,56,51,ENJOYING
19:52:24,52,48,ENJOYING
19:52:25,73,77,EXCITED
19:52:26,93,98,CHAOTIC
19:52:27,83,86,CHAOTIC
19:52:28,72,69,EXCITED
19:52:29,42,42,ENJOYING
19:52:30,57,61,EXCITED
19:52:31,43,40,ENJOYING
19:52:32,88,91,CHAOTIC
19:52:33,77,77,EXCITED
19:52:34,42,40,ENJOYING
19:52:35,78,73,EXCITED
19:52:36,94,99,CHAOTIC
19:52:37,61,59,ENJOYING
19:52:38,66,65,EXCITED
19:52:39,81,76,EXCITED
19:52:40,32,29,CALM
19:52:41,54,59,ENJOYING
19:52:42,73,76,EXCITED
19:52:43,40,41,ENJOYING
19:52:44,60,55,ENJOYING
19:52:45,47,52,ENJOYING
19:52:46,94,95,CHAOTIC
19:52:47,36,35,CALM
19:52:48,63,63,EXCITED
19:52:49,91,90,CHAOTIC
19:52:50,70,74,EXCITED
19:52:51,66,61,EXCITED
19:52:52,49,53,ENJOYING
19:52:53,68,63,EXCITED
19:52:54,82,86,CHAOTIC
19:52:55,73,70,EXCITED
19:52:56,72,76,EXCITED
19:52:57,50,51,ENJOYING
19:52:58,38,34,CALM
19:52:59,94,95,CHAOTIC
19:53:00,49,44,ENJOYING
19:53:01,62,61,EXCITED
19:53:02,66,68,EXCITED
19:53:03,53,49,ENJOYING
19:53:04,34,30,CALM
19:53:05,74,72,EXCITED
19:53:06,72,76,EXCITED
19:53:07,49,54,ENJOYING
19:53:08,81,84,EXCITED
19:53:09,56,56,ENJOYING
19:53:10,41,44,ENJOYING
19:53:11,59,55,ENJOYING
19:53:12,39,37,CALM
19:53:13,33,31,CALM
19:53:14,42,45,ENJOYING
19:53:15,77,81,EXCITED
19:53:16,42,43,ENJOYING
19:53:17,91,95,CHAOTIC
19:53:18,44,43,ENJOYING
19:53:19,84,86,CHAOTIC
19:53:20,69,64,EXCITED
19:53:21,81,78,EXCITED
19:53:22,66,66,EXCITED
19:53:23,81,83,EXCITED
19:53:24,61,66,EXCITED
19:53:25,92,92,CHAOTIC
19:53:26,74,71,EXCITED
19:53:27,91,89,CHAOTIC
19:53:28,42,38,CALM
19:53:29,52,54,ENJOYING
19:53:30,65,63,EXCITED
19:53:31,62,59,ENJOYING
19:53:32,75,78,EXCITED
19:53:33,77,77,EXCITED
19:53:34,86,90,CHAOTIC
19:53:35,83,84,EXCITED
19:53:36,52,53,ENJOYING
19:53:37,67,68,EXCITED
19:53:38,89,89,CHAOTIC
19:53:39,63,60,EXCITED
19:53:40,46,49,ENJOYING
19:53:41,58,58,ENJOYING
19:53:42,46,49,ENJOYING
19:53:43,46,42,ENJOYING
19:53:44,88,87,CHAOTIC
19:53:45,35,33,CALM
19:53:46,79,78,EXCITED
19:53:47,86,82,EXCITED
19:53:48,30,30,CALM
19:53:49,89,90,CHAOTIC
19:53:50,30,27,CALM
19:53:51,88,90,CHAOTIC
19:53:52,34,29,CALM
19:53:53,57,55,ENJOYING
19:53:54,44,49,ENJOYING
19:53:55,67,71,EXCITED
19:53:56,88,88,CHAOTIC
19:53:57,74,75,EXCITED
19:53:58,85,84,EXCITED
19:53:59,37,36,CALM
19:54:00,67,65,EXCITED
19:54:01,36,36,CALM
19:54:02,73,72,EXCITED
19:54:03,49,54,ENJOYING
19:54:04,60,60,EXCITED
19:54:05,48,43,ENJOYING
19:54:06,48,51,ENJOYING
19:54:07,47,42,ENJOYING
19:54:08,36,34,CALM
19:54:09,91,86,CHAOTIC
19:54:10,87,90,CHAOTIC
19:54:11,71,74,EXCITED
19:54:12,74,78,EXCITED
19:54:13,35,30,CALM
19:54:14,89,93,CHAOTIC
19:54:15,85,81,EXCITED
19:54:16,83,87,CHAOTIC
19:54:17,33,28,CALM
19:54:18,87,89,CHAOTIC
19:54:19,91,88,CHAOTIC
19:54:20,37,32,CALM
19:54:21,53,53,ENJOYING
19:54:22,52,48,ENJOYING
19:54:23,79,77,EXCITED
19:54:24,59,58,ENJOYING
19:54:25,48,49,ENJOYING
19:54:26,44,48,ENJOYING
19:54:27,64,59,ENJOYING
19:54:28,70,72,EXCITED
19:54:29,95,99,CHAOTIC
19:54:30,93,91,CHAOTIC
19:54:31,65,68,EXCITED
19:54:32,65,61,EXCITED
19:54:33,74,77,EXCITED
19:54:34,42,38,CALM
19:54:35,68,71,EXCITED
19:54:36,61,64,EXCITED
19:54:37,72,74,EXCITED
19:54:38,41,46,ENJOYING
19:54:39,54,51,ENJOYING
19:54:40,59,56,ENJOYING
19:54:41,51,46,ENJOYING
19:54:42,81,79,EXCITED
19:54:43,64,65,EXCITED
19:54:44,48,51,ENJOYING
19:54:45,77,82,EXCITED
19:54:46,64,62,EXCITED
19:54:47,83,86,CHAOTIC
19:54:48,95,100,CHAOTIC
19:54:49,78,76,EXCITED
19:54:50,43,47,ENJOYING
19:54:51,63,65,EXCITED
19:54:52,69,71,EXCITED
19:54:53,79,83,EXCITED
19:54:54,84,82,EXCITED
19:54:55,47,52,ENJOYING
19:54:56,61,59,ENJOYING
19:54:57,90,91,CHAOTIC
19:54:58,78,80,EXCITED
19:54:59,35,40,ENJOYING
19:55:00,72,76,EXCITED
19:55:01,45,40,ENJOYING
19:55:02,56,54,ENJOYING
19:55:03,72,69,EXCITED
19:55:04,67,70,EXCITED
19:55:05,58,54,ENJOYING
19:55:06,81,76,EXCITED
19:55:07,93,94,CHAOTIC
19:55:08,95,93,CHAOTIC
19:55:09,47,43,ENJOYING
19:55:10,77,81,EXCITED
19:55:11,31,31,CALM
19:55:12,90,88,CHAOTIC
19:55:13,49,49,ENJOYING
19:55:14,84,84,EXCITED
19:55:15,41,43,ENJOYING
19:55:16,81,78,EXCITED
19:55:17,51,50,ENJOYING
19:55:18,61,64,EXCITED
19:55:19,61,63,EXCITED
19:55:20,79,83,EXCITED
19:55:21,64,67,EXCITED
19:55:22,89,85,CHAOTIC
19:55:23,61,60,EXCITED
19:55:24,51,54,ENJOYING
19:55:25,49,53,ENJOYING
19:55:26,31,28,CALM
19:55:27,90,86,CHAOTIC
19:55:28,34,38,CALM
19:55:29,52,53,ENJOYING
19:55:30,57,54,ENJOYING
19:55:31,56,60,EXCITED
19:55:32,49,52,ENJOYING
19:55:33,66,71,EXCITED
19:55:34,95,97,CHAOTIC
19:55:35,58,55,ENJOYING
19:55:36,71,70,EXCITED
19:55:37,72,70,EXCITED
19:55:38,41,44,ENJOYING
19:55:39,92,94,CHAOTIC
19:55:40,81,78,EXCITED
19:55:41,67,63,EXCITED
19:55:42,81,80,EXCITED
19:55:43,61,60,EXCITED
19:55:44,79,82,EXCITED
19:55:45,54,54,ENJOYING
19:55:46,55,51,ENJOYING
19:55:47,59,63,EXCITED
19:55:48,53,57,ENJOYING
19:55:49,42,46,ENJOYING
19:55:50,84,81,EXCITED
19:55:51,30,34,CALM
19:55:52,80,83,EXCITED
19:55:53,37,35,CALM
19:55:54,85,90,CHAOTIC
19:55:55,84,87,CHAOTIC
19:55:56,48,50,ENJOYING
19:55:57,87,86,CHAOTIC
19:55:58,36,41,ENJOYING
19:55:59,78,77,EXCITED
19:56:00,78,74,EXCITED
19:56:01,30,33,CALM
19:56:02,45,48,ENJOYING
19:56:03,75,73,EXCITED
19:56:04,70,73,EXCITED
19:56:05,88,86,CHAOTIC
19:56:06,69,71,EXCITED
19:56:07,87,92,CHAOTIC
19:56:08,89,86,CHAOTIC
19:56:09,77,79,EXCITED
19:56:10,50,52,ENJOYING
19:56:11,75,73,EXCITED
19:56:12,41,37,CALM
19:56:13,56,60,EXCITED
19:56:14,51,47,ENJOYING
19:56:15,79,79,EXCITED
19:56:16,83,82,EXCITED
19:56:17,38,38,CALM
19:56:18,44,42,ENJOYING
19:56:19,81,76,EXCITED
19:56:20,42,38,CALM
19:56:21,63,59,ENJOYING
19:56:22,55,55,ENJOYING
19:56:23,57,57,ENJOYING
19:56:24,92,95,CHAOTIC
19:56:25,52,52,ENJOYING
19:56:26,67,70,EXCITED
19:56:27,60,65,EXCITED
19:56:28,40,40,ENJOYING
19:56:29,39,37,CALM
19:56:30,73,69,EXCITED
19:56:31,66,66,EXCITED
19:56:32,89,90,CHAOTIC
19:56:33,33,35,CALM
19:56:34,83,88,CHAOTIC
19:56:35,38,41,ENJOYING
19:56:36,77,80,EXCITED
19:56:37,42,44,ENJOYING
19:56:38,92,88,CHAOTIC
19:56:39,74,72,EXCITED
19:56:40,85,90,CHAOTIC
19:56:41,36,34,CALM
19:56:42,33,29,CALM
19:56:43,83,84,EXCITED
19:56:44,55,58,ENJOYING
19:56:45,40,35,CALM
19:56:46,60,56,ENJOYING
19:56:47,76,76,EXCITED
19:56:48,39,44,ENJOYING
19:56:49,73,76,EXCITED
19:56:50,46,44,ENJOYING
19:56:51,50,46,ENJOYING
19:56:52,46,41,ENJOYING
19:56:53,40,42,ENJOYING
19:56:54,83,85,CHAOTIC
19:56:55,95,90,CHAOTIC
19:56:56,73,73,EXCITED
19:56:57,45,48,ENJOYING
19:56:58,31,31,CALM
19:56:59,39,36,CALM
19:57:00,65,70,EXCITED
19:57:01,82,83,EXCITED
19:57:02,76,73,EXCITED
19:57:03,89,91,CHAOTIC
19:57:04,41,36,CALM
19:57:05,59,57,ENJOYING
19:57:06,37,39,CALM
19:57:07,31,31,CALM
19:57:08,54,49,ENJOYING
19:57:09,30,27,CALM
19:57:10,60,61,EXCITED
19:57:11,44,43,ENJOYING
19:57:12,73,76,EXCITED
19:57:13,58,62,EXCITED
19:57:14,69,64,EXCITED
19:57:15,40,37,CALM
19:57:16,78,80,EXCITED
19:57:17,83,88,CHAOTIC
19:57:18,58,62,EXCITED
19:57:19,73,77,EXCITED
19:57:20,88,92,CHAOTIC
19:57:21,39,42,ENJOYING
19:57:22,35,34,CALM
19:57:23,55,52,ENJOYING
19:57:24,94,95,CHAOTIC
19:57:25,57,54,ENJOYING
19:57:26,57,60,EXCITED
19:57:27,56,55,ENJOYING
19:57:28,90,87,CHAOTIC
19:57:29,42,37,CALM
19:57:30,60,62,EXCITED
19:57:31,37,35,CALM
19:57:32,66,63,EXCITED
19:57:33,48,50,ENJOYING
19:57:34,51,51,ENJOYING
19:57:35,51,48,ENJOYING
19:57:36,50,49,ENJOYING
19:57:37,36,38,CALM
19:57:38,30,32,CALM
19:57:39,81,86,CHAOTIC
19:57:40,49,52,ENJOYING
19:57:41,82,79,EXCITED
19:57:42,83,87,CHAOTIC
19:57:43,87,88,CHAOTIC
19:57:44,35,33,CALM
19:57:45,42,41,ENJOYING
19:57:46,34,29,CALM
19:57:47,34,31,CALM
19:57:48,87,86,CHAOTIC
19:57:49,63,63,EXCITED
19:57:50,52,54,ENJOYING
19:57:51,70,75,EXCITED
19:57:52,91,86,CHAOTIC
19:57:53,54,55,ENJOYING
19:57:54,79,82,EXCITED
19:57:55,82,78,EXCITED
19:57:56,37,42,ENJOYING
19:57:57,92,93,CHAOTIC
19:57:58,33,35,CALM
19:57:59,33,33,CALM
19:58:00,34,30,CALM
19:58:01,84,88,CHAOTIC
19:58:02,51,50,ENJOYING
19:58:03,80,77,EXCITED
19:58:04,37,37,CALM
19:58:05,93,95,CHAOTIC
19:58:06,38,40,ENJOYING
19:58:07,94,97,CHAOTIC
19:58:08,90,92,CHAOTIC
19:58:09,51,48,ENJOYING
19:58:10,49,49,ENJOYING
19:58:11,92,87,CHAOTIC
19:58:12,68,72,EXCITED
19:58:13,32,30,CALM
19:58:14,59,56,ENJOYING
19:58:15,66,61,EXCITED
19:58:16,31,34,CALM
19:58:17,72,74,EXCITED
19:58:18,71,76,EXCITED
19:58:19,57,61,EXCITED
19:58:20,36,32,CALM
19:58:21,90,91,CHAOTIC
19:58:22,55,59,ENJOYING
19:58:23,37,39,CALM
19:58:24,75,80,EXCITED
19:58:25,38,38,CALM
19:58:26,81,81,EXCITED
19:58:27,80,78,EXCITED
19:58:28,57,58,ENJOYING
19:58:29,71,67,EXCITED
19:58:30,84,79,EXCITED
19:58:31,33,35,CALM
19:58:32,43,39,CALM
19:58:33,44,47,ENJOYING
19:58:34,56,54,ENJOYING
19:58:35,30,26,CALM
19:58:36,36,32,CALM
19:58:37,30,25,CALM
19:58:38,70,74,EXCITED
19:58:39,75,75,EXCITED
19:58:40,73,73,EXCITED
19:58:41,41,38,CALM
19:58:42,69,64,EXCITED
19:58:43,91,90,CHAOTIC
19:58:44,81,86,CHAOTIC
19:58:45,73,72,EXCITED
19:58:46,31,35,CALM
19:58:47,44,40,ENJOYING
19:58:48,44,47,ENJOYING
19:58:49,56,57,ENJOYING
19:58:50,37,37,CALM
19:58:51,39,40,ENJOYING
19:58:52,31,36,CALM
19:58:53,74,76,EXCITED
19:58:54,39,42,ENJOYING
19:58:55,30,25,CALM
19:58:56,59,61,EXCITED
19:58:57,42,43,ENJOYING
19:58:58,36,37,CALM
19:58:59,34,36,CALM
19:59:00,70,66,EXCITED
19:59:01,39,39,CALM
19:59:02,62,63,EXCITED
19:59:03,74,74,EXCITED
19:59:04,80,80,EXCITED
19:59:05,40,42,ENJOYING
19:59:06,37,32,CALM
19:59:07,81,79,EXCITED
19:59:08,30,34,CALM
19:59:09,81,80,EXCITED
19:59:10,62,63,EXCITED
19:59:11,83,86,CHAOTIC
19:59:12,82,77,EXCITED
19:59:13,79,79,EXCITED
19:59:14,76,79,EXCITED
19:59:15,32,29,CALM
19:59:16,78,78,EXCITED
19:59:17,63,65,EXCITED
19:59:18,41,39,CALM
19:59:19,62,58,ENJOYING
19:59:20,90,87,CHAOTIC
19:59:21,89,94,CHAOTIC
19:59:22,86,81,EXCITED
19:59:23,53,49,ENJOYING
19:59:24,52,47,ENJOYING
19:59:25,84,79,EXCITED
19:59:26,93,90,CHAOTIC
19:59:27,91,92,CHAOTIC
19:59:28,74,76,EXCITED
19:59:29,64,61,EXCITED
19:59:30,33,31,CALM
19:59:31,35,30,CALM
19:59:32,32,33,CALM
19:59:33,31,29,CALM
19:59:34,67,65,EXCITED
19:59:35,92,88,CHAOTIC
19:59:36,55,50,ENJOYING
19:59:37,47,51,ENJOYING
19:59:38,39,42,ENJOYING
19:59:39,80,85,CHAOTIC
19:59:40,45,41,ENJOYING
19:59:41,31,30,CALM
19:59:42,91,92,CHAOTIC
19:59:43,39,44,ENJOYING
19:59:44,43,41,ENJOYING
19:59:45,84,83,EXCITED
19:59:46,57,61,EXCITED
19:59:47,82,79,EXCITED
19:59:48,66,64,EXCITED
19:59:49,44,49,ENJOYING
19:59:50,48,45,ENJOYING
19:59:51,90,86,CHAOTIC
19:59:52,37,34,CALM
19:59:53,31,28,CALM
19:59:54,41,40,ENJOYING
19:59:55,34,35,CALM
19:59:56,84,81,EXCITED
19:59:57,58,56,ENJOYING
19:59:58,51,50,ENJOYING
19:59:59,60,60,EXCITED
20:00:00,43,45,ENJOYING
20:00:01,54,54,ENJOYING
20:00:02,69,66,EXCITED
20:00:03,34,35,CALM
20:00:04,36,36,CALM
20:00:05,85,89,CHAOTIC
20:00:06,86,87,CHAOTIC
20:00:07,69,69,EXCITED
20:00:08,66,67,EXCITED
20:00:09,67,70,EXCITED
20:00:10,41,38,CALM
20:00:11,88,86,CHAOTIC
20:00:12,91,91,CHAOTIC
20:00:13,31,31,CALM
20:00:14,78,75,EXCITED
20:00:15,43,43,ENJOYING
20:00:16,55,55,ENJOYING
20:00:17,67,66,EXCITED
20:00:18,71,76,EXCITED
20:00:19,66,64,EXCITED
20:00:20,85,87,CHAOTIC
20:00:21,91,89,CHAOTIC
20:00:22,95,90,CHAOTIC
20:00:23,72,67,EXCITED
20:00:24,36,39,CALM
20:00:25,54,55,ENJOYING
20:00:26,35,32,CALM
20:00:27,61,56,ENJOYING
20:00:28,54,58,ENJOYING
20:00:29,45,50,ENJOYING
20:00:30,31,27,CALM
20:00:31,45,43,ENJOYING
20:00:32,53,56,ENJOYING
20:00:33,53,52,ENJOYING
20:00:34,82,78,EXCITED
20:00:35,77,81,EXCITED
20:00:36,58,62,EXCITED
20:00:37,39,43,ENJOYING
20:00:38,78,75,EXCITED
20:00:39,83,78,EXCITED
20:00:40,35,33,CALM
20:00:41,95,95,CHAOTIC
20:00:42,67,69,EXCITED
20:00:43,30,32,CALM
20:00:44,85,80,EXCITED
20:00:45,47,50,ENJOYING
20:00:46,86,90,CHAOTIC
20:00:47,32,36,CALM
20:00:48,88,83,EXCITED
20:00:49,40,45,ENJOYING
20:00:50,37,36,CALM
20:00:51,62,63,EXCITED
20:00:52,57,60,EXCITED
20:00:53,37,34,CALM
20:00:54,36,35,CALM
20:00:55,62,67,EXCITED
20:00:56,94,98,CHAOTIC
20:00:57,34,33,CALM
20:00:58,80,84,EXCITED
20:00:59,74,72,EXCITED
20:01:00,83,82,EXCITED
20:01:01,72,75,EXCITED
20:01:02,83,85,CHAOTIC
20:01:03,34,39,CALM
20:01:04,31,35,CALM
20:01:05,44,48,ENJOYING
20:01:06,58,60,EXCITED
20:01:07,44,43,ENJOYING
20:01:08,66,63,EXCITED
20:01:09,54,57,ENJOYING
20:01:10,91,87,CHAOTIC
20:01:11,79,81,EXCITED
20:01:12,95,91,CHAOTIC
20:01:13,67,68,EXCITED
20:01:14,60,57,ENJOYING
20:01:15,76,74,EXCITED
20:01:16,54,54,ENJOYING
20:01:17,35,33,CALM
20:01:18,63,58,ENJOYING
20:01:19,73,69,EXCITED
20:01:20,69,65,EXCITED
20:01:21,30,26,CALM
20:01:22,52,47,ENJOYING
20:01:23,92,97,CHAOTIC
20:01:24,60,65,EXCITED
20:01:25,43,41,ENJOYING
20:01:26,34,37,CALM
20:01:27,64,69,EXCITED
20:01:28,72,72,EXCITED
20:01:29,41,43,ENJOYING
20:01:30,40,43,ENJOYING
20:01:31,94,98,CHAOTIC
20:01:32,81,84,EXCITED
20:01:33,81,76,EXCITED
20:01:34,66,71,EXCITED
20:01:35,57,61,EXCITED
20:01:36,91,86,CHAOTIC
20:01:37,86,89,CHAOTIC
20:01:38,75,80,EXCITED
20:01:39,66,69,EXCITED
20:01:40,62,61,EXCITED
20:01:41,75,75,EXCITED
20:01:42,58,58,ENJOYING
20:01:43,45,46,ENJOYING
20:01:44,30,27,CALM
20:01:45,82,78,EXCITED
20:01:46,79,78,EXCITED
20:01:47,60,56,ENJOYING
20:01:48,39,42,ENJOYING
20:01:49,54,56,ENJOYING
20:01:50,59,62,EXCITED
20:01:51,38,35,CALM
20:01:52,55,57,ENJOYING
20:01:53,63,65,EXCITED
20:01:54,82,87,CHAOTIC
20:01:55,34,30,CALM
20:01:56,94,92,CHAOTIC
20:01:57,54,55,ENJOYING
20:01:58,83,87,CHAOTIC
20:01:59,82,87,CHAOTIC
20:02:00,62,65,EXCITED
20:02:01,82,78,EXCITED
20:02:02,85,81,EXCITED
20:02:03,57,56,ENJOYING
20:02:04,55,50,ENJOYING
20:02:05,61,66,EXCITED
20:02:06,63,63,EXCITED
20:02:07,34,37,CALM
20:02:08,95,96,CHAOTIC
20:02:09,36,34,CALM
20:02:10,72,71,EXCITED
20:02:11,66,61,EXCITED
20:02:12,31,33,CALM
20:02:13,75,71,EXCITED
20:02:14,32,29,CALM
20:02:15,38,41,ENJOYING
20:02:16,31,34,CALM
20:02:17,58,56,ENJOYING
20:02:18,31,26,CALM
20:02:19,81,81,EXCITED
20:02:20,33,35,CALM
20:02:21,92,90,CHAOTIC
20:02:22,45,47,ENJOYING
20:02:23,38,41,ENJOYING
20:02:24,64,66,EXCITED
20:02:25,42,39,CALM
20:02:26,58,63,EXCITED
20:02:27,48,48,ENJOYING
20:02:28,94,96,CHAOTIC
20:02:29,59,56,ENJOYING
20:02:30,84,88,CHAOTIC
20:02:31,61,60,EXCITED
20:02:32,70,75,EXCITED
20:02:33,83,86,CHAOTIC
20:02:34,31,29,CALM
20:02:35,80,85,CHAOTIC
20:02:36,46,51,ENJOYING
20:02:37,30,25,CALM
20:02:38,78,78,EXCITED
20:02:39,30,27,CALM
20:02:40,45,40,ENJOYING
20:02:41,55,60,EXCITED
20:02:42,34,37,CALM
20:02:43,71,66,EXCITED
20:02:44,91,94,CHAOTIC
20:02:45,88,89,CHAOTIC
20:02:46,80,78,EXCITED
20:02:47,48,49,ENJOYING
20:02:48,93,89,CHAOTIC
20:02:49,32,32,CALM
20:02:50,86,84,EXCITED
20:02:51,77,80,EXCITED
20:02:52,83,87,CHAOTIC
20:02:53,87,86,CHAOTIC
20:02:54,80,77,EXCITED
20:02:55,48,49,ENJOYING
20:02:56,72,76,EXCITED
20:02:57,42,40,ENJOYING
20:02:58,53,51,ENJOYING
20:02:59,65,65,EXCITED
20:03:00,36,32,CALM
20:03:01,58,54,ENJOYING
20:03:02,84,88,CHAOTIC
20:03:03,47,42,ENJOYING
20:03:04,80,80,EXCITED
20:03:05,38,37,CALM
20:03:06,35,34,CALM
20:03:07,89,88,CHAOTIC
20:03:08,70,70,EXCITED
20:03:09,49,53,ENJOYING
20:03:10,37,37,CALM
20:03:11,59,61,EXCITED
20:03:12,62,61,EXCITED
20:03:13,47,49,ENJOYING
